time,x_pos,y_pos,velocity,rotation
0,0,0,0,0
0.046709,0.00327259,-3.65368e-10,0.140127,1.5708
0.0673611,0.00680627,-1.45378e-09,0.202083,1.5708
0.0840594,0.010599,-3.2537e-09,0.252178,1.5708
0.0988218,0.0146486,-5.75358e-09,0.296465,1.5708
0.112407,0.0189531,-8.9419e-09,0.337222,1.5708
0.125194,0.0235105,-1.28071e-08,0.375583,1.5708
0.137401,0.0283186,-1.73377e-08,0.412203,1.5708
0.149165,0.0333754,-2.2522e-08,0.447495,1.5708
0.16058,0.0386788,-2.83487e-08,0.481739,1.5708
0.17171,0.0442267,-3.48061e-08,0.515131,1.5708
0.182606,0.0500171,-4.18827e-08,0.547817,1.5708
0.193301,0.056048,-4.9567e-08,0.579903,1.5708
0.203825,0.0623172,-5.78474e-08,0.611476,1.5708
0.2142,0.0688227,-6.67123e-08,0.642601,1.5708
0.224444,0.0755624,-7.61504e-08,0.673331,1.5708
0.234569,0.0825343,-8.61499e-08,0.703708,1.5708
0.24459,0.0897362,-9.66994e-08,0.733769,1.5708
0.254514,0.0971661,-1.07787e-07,0.763542,1.5708
0.264351,0.104822,-1.19402e-07,0.793052,1.5708
0.274107,0.112702,-1.31532e-07,0.822321,1.5708
0.283788,0.120803,-1.44166e-07,0.851364,1.5708
0.293399,0.129125,-1.57293e-07,0.880198,1.5708
0.302945,0.137664,-1.709e-07,0.908836,1.5708
0.31243,0.146419,-1.84976e-07,0.937289,1.5708
0.321856,0.155387,-1.9951e-07,0.965567,1.5708
0.331226,0.164566,-2.1449e-07,0.993679,1.5708
0.340544,0.173956,-2.29905e-07,1.02163,1.5708
0.349811,0.183552,-2.45743e-07,1.04943,1.5708
0.35903,0.193354,-2.61992e-07,1.07709,1.5708
0.368202,0.203359,-2.78641e-07,1.10461,1.5708
0.377328,0.213565,-2.95679e-07,1.13198,1.5708
0.386411,0.22397,-3.13093e-07,1.15923,1.5708
0.395451,0.234572,-3.30873e-07,1.18635,1.5708
0.40445,0.24537,-3.49007e-07,1.21335,1.5708
0.413408,0.25636,-3.67483e-07,1.24022,1.5708
0.422327,0.267541,-3.8629e-07,1.26698,1.5708
0.431208,0.27891,-4.05416e-07,1.29362,1.5708
0.44005,0.290467,-4.2485e-07,1.32015,1.5708
0.448856,0.302207,-4.4458e-07,1.34657,1.5708
0.457625,0.314131,-4.64594e-07,1.37287,1.5708
0.466358,0.326235,-4.84882e-07,1.39907,1.5708
0.475056,0.338517,-5.05431e-07,1.42517,1.5708
0.483719,0.350976,-5.2623e-07,1.45116,1.5708
0.492348,0.363609,-5.47267e-07,1.47704,1.5708
0.500942,0.376414,-5.68532e-07,1.50283,1.5708
0.509503,0.38939,-5.90011e-07,1.52851,1.5708
0.51803,0.402533,-6.11695e-07,1.55409,1.5708
0.526525,0.415843,-6.33571e-07,1.57957,1.5708
0.534987,0.429316,-6.55628e-07,1.60496,1.5708
0.543416,0.442952,-6.77854e-07,1.63025,1.5708
0.551813,0.456747,-7.00237e-07,1.65544,1.5708
0.560178,0.4707,-7.22767e-07,1.68053,1.5708
0.568512,0.484808,-7.45431e-07,1.70553,1.5708
0.576813,0.499071,-7.68219e-07,1.73044,1.5708
0.585084,0.513484,-7.91118e-07,1.75525,1.5708
0.593323,0.528048,-8.14117e-07,1.77997,1.5708
0.60153,0.542758,-8.37204e-07,1.80459,1.5708
0.609707,0.557614,-8.60368e-07,1.82912,1.5708
0.617853,0.572614,-8.83598e-07,1.85356,1.5708
0.625968,0.587754,-9.06881e-07,1.8779,1.5708
0.634053,0.603034,-9.30208e-07,1.90216,1.5708
0.642106,0.618451,-9.53564e-07,1.92632,1.5708
0.650129,0.634003,-9.7694e-07,1.95039,1.5708
0.658122,0.649687,-1.00032e-06,1.97437,1.5708
0.666085,0.665503,-1.0237e-06,1.99825,1.5708
0.674016,0.681448,-1.04707e-06,2.02205,1.5708
0.682052,0.697519,-1.0704e-06,2,1.5708
0.69015,0.713715,-1.0937e-06,2,1.5708
0.698309,0.730033,-1.11695e-06,2,1.5708
0.706529,0.746472,-1.14014e-06,2,1.5708
0.714808,0.76303,-1.16325e-06,2,1.5708
0.723145,0.779704,-1.18628e-06,2,1.5708
0.731539,0.796492,-1.20922e-06,2,1.5708
0.739989,0.813393,-1.23204e-06,2,1.5708
0.748495,0.830404,-1.25475e-06,2,1.5708
0.757054,0.847523,-1.27733e-06,2,1.5708
0.765667,0.864748,-1.29976e-06,2,1.5708
0.774331,0.882077,-1.32204e-06,2,1.5708
0.783047,0.899508,-1.34415e-06,2,1.5708
0.791812,0.917039,-1.36609e-06,2,1.5708
0.800627,0.934668,-1.38784e-06,2,1.5708
0.809489,0.952392,-1.40939e-06,2,1.5708
0.818398,0.97021,-1.43073e-06,2,1.5708
0.827353,0.98812,-1.45184e-06,2,1.5708
0.836353,1.00612,-1.47272e-06,2,1.5708
0.845396,1.02421,-1.49335e-06,2,1.5708
0.854482,1.04238,-1.51373e-06,2,1.5708
0.86361,1.06063,-1.53384e-06,2,1.5708
0.872778,1.07897,-1.55366e-06,2,1.5708
0.881986,1.09739,-1.5732e-06,2,1.5708
0.891233,1.11588,-1.59243e-06,2,1.5708
0.900517,1.13445,-1.61134e-06,2,1.5708
0.909838,1.15309,-1.62993e-06,2,1.5708
0.919194,1.1718,-1.64818e-06,2,1.5708
0.928585,1.19058,-1.66608e-06,2,1.5708
0.938009,1.20943,-1.68362e-06,2,1.5708
0.947465,1.22834,-1.70078e-06,2,1.5708
0.956953,1.24732,-1.71756e-06,2,1.5708
0.966471,1.26636,-1.73394e-06,2,1.5708
0.976019,1.28545,-1.74992e-06,2,1.5708
0.985594,1.3046,-1.76548e-06,2,1.5708
0.995197,1.32381,-1.7806e-06,2,1.5708
1.00483,1.34307,-1.79529e-06,2,1.5708
1.01448,1.36237,-1.80952e-06,2,1.5708
1.02416,1.38173,-1.82328e-06,2,1.5708
1.03386,1.40113,-1.83657e-06,2,1.5708
1.04358,1.42058,-1.84937e-06,2,1.5708
1.05333,1.44007,-1.86167e-06,2,1.5708
1.06309,1.4596,-1.87346e-06,2,1.5708
1.07287,1.47916,-1.88472e-06,2,1.5708
1.08268,1.49877,-1.89545e-06,2,1.5708
1.09249,1.5184,-1.90564e-06,2,1.5708
1.10233,1.53807,-1.91526e-06,2,1.5708
1.11218,1.55777,-1.92432e-06,2,1.5708
1.12204,1.57749,-1.9328e-06,2,1.5708
1.13191,1.59724,-1.94068e-06,2,1.5708
1.1418,1.61702,-1.94796e-06,2,1.5708
1.1517,1.63681,-1.95463e-06,2,1.5708
1.16161,1.65663,-1.96066e-06,2,1.5708
1.17152,1.67646,-1.96606e-06,2,1.5708
1.18145,1.69631,-1.97081e-06,2,1.5708
1.19138,1.71617,-1.9749e-06,2,1.5708
1.20131,1.73604,-1.97832e-06,2,1.5708
1.21125,1.75592,-1.98105e-06,2,1.5708
1.22119,1.7758,-1.98308e-06,2,1.5708
1.23114,1.7957,-1.98441e-06,2,1.5708
1.24109,1.81559,-1.98502e-06,2,1.5708
1.25104,1.83549,-1.98489e-06,2,1.5708
1.26098,1.85538,-1.98403e-06,2,1.5708
1.27093,1.87527,-1.98241e-06,2,1.5708
1.28087,1.89515,-1.98002e-06,2,1.5708
1.29081,1.91503,-1.97686e-06,2,1.5708
1.30074,1.9349,-1.97291e-06,2,1.5708
1.31067,1.95476,-1.96816e-06,2,1.5708
1.32059,1.9746,-1.9626e-06,2,1.5708
1.3305,1.99442,-1.95622e-06,2,1.5708
1.34041,2.01423,-1.949e-06,2,1.5708
1.3503,2.03402,-1.94093e-06,2,1.5708
1.36019,2.05379,-1.93201e-06,2,1.5708
1.37006,2.07353,-1.92222e-06,2,1.5708
1.37992,2.09325,-1.91155e-06,2,1.5708
1.38976,2.11293,-1.89998e-06,2,1.5708
1.39959,2.13259,-1.88751e-06,2,1.5708
1.4094,2.15222,-1.87413e-06,2,1.5708
1.4192,2.17181,-1.85982e-06,2,1.5708
1.42897,2.19136,-1.84457e-06,2,1.5708
1.43873,2.21088,-1.82837e-06,2,1.5708
1.44847,2.23035,-1.81121e-06,2,1.5708
1.45818,2.24978,-1.79308e-06,2,1.5708
1.46788,2.26917,-1.77396e-06,2,1.5708
1.47755,2.28851,-1.75384e-06,2,1.5708
1.48719,2.3078,-1.73272e-06,2,1.5708
1.49681,2.32704,-1.71058e-06,2,1.5708
1.50648,2.34623,-1.68741e-06,1.97101,1.5708
1.51626,2.36536,-1.66319e-06,1.94167,1.5708
1.52616,2.38444,-1.63793e-06,1.91197,1.5708
1.53618,2.40346,-1.61159e-06,1.8819,1.5708
1.54634,2.42241,-1.58418e-06,1.85143,1.5708
1.55663,2.4413,-1.55568e-06,1.82056,1.5708
1.56706,2.46013,-1.52608e-06,1.78927,1.5708
1.57763,2.47889,-1.49537e-06,1.75754,1.5708
1.58837,2.49758,-1.46354e-06,1.72534,1.5708
1.59926,2.51619,-1.43057e-06,1.69266,1.5708
1.61032,2.53474,-1.39646e-06,1.65947,1.5708
1.62157,2.5532,-1.36119e-06,1.62574,1.5708
1.633,2.57159,-1.32475e-06,1.59145,1.5708
1.64463,2.5899,-1.28713e-06,1.55655,1.5708
1.65648,2.60813,-1.24831e-06,1.52101,1.5708
1.66855,2.62628,-1.20829e-06,1.48479,1.5708
1.68087,2.64433,-1.16706e-06,1.44785,1.5708
1.69344,2.6623,-1.1246e-06,1.41012,1.5708
1.7063,2.68018,-1.0809e-06,1.37156,1.5708
1.71945,2.69797,-1.03596e-06,1.33208,1.5708
1.73294,2.71566,-9.89747e-07,1.29162,1.5708
1.74679,2.73326,-9.42264e-07,1.25008,1.5708
1.76103,2.75076,-8.93497e-07,1.20736,1.5708
1.77571,2.76816,-8.43435e-07,1.16333,1.5708
1.79087,2.78545,-7.92064e-07,1.11784,1.5708
1.80658,2.80264,-7.39374e-07,1.07071,1.5708
1.82291,2.81972,-6.85353e-07,1.02173,1.5708
1.83995,2.8367,-6.2999e-07,0.970608,1.5708
1.85781,2.85356,-5.73273e-07,0.917005,1.5708
1.87666,2.87031,-5.15192e-07,0.860463,1.5708
1.89669,2.88695,-4.55733e-07,0.800365,1.5708
1.9182,2.90347,-3.94886e-07,0.735849,1.5708
1.9416,2.91986,-3.32639e-07,0.665641,1.5708
1.96758,2.93614,-2.6898e-07,0.587716,1.5708
1.99732,2.9523,-2.03898e-07,0.498481,1.5708
2.03339,2.96833,-1.37382e-07,0.390269,1.5708
2.08397,2.98423,-6.942e-08,0.238535,1.5708
2.16348,3,0,0,1.5708
2.29086,3.02434,-1.82684e-10,0.38214,3.14159
2.34344,3.04858,-7.2689e-10,0.539877,3.14159
2.38366,3.07272,-1.62685e-09,0.660537,3.14159
2.41746,3.09676,-2.87679e-09,0.76194,3.14159
2.44715,3.1207,-4.47095e-09,0.851001,3.14159
2.4739,3.14454,-6.40355e-09,0.931267,3.14159
2.49843,3.16829,-8.66883e-09,1.00485,3.14159
2.52119,3.19193,-1.1261e-08,1.07312,3.14159
2.5425,3.21548,-1.41744e-08,1.13705,3.14159
2.56259,3.23893,-1.7403e-08,1.19732,3.14159
2.58163,3.26228,-2.09414e-08,1.25446,3.14159
2.59978,3.28553,-2.47835e-08,1.30889,3.14159
2.61712,3.30868,-2.89237e-08,1.36092,3.14159
2.63376,3.33174,-3.33562e-08,1.41083,3.14159
2.64976,3.3547,-3.80752e-08,1.45884,3.14159
2.66519,3.37756,-4.3075e-08,1.50512,3.14159
2.68009,3.40033,-4.83497e-08,1.54982,3.14159
2.69451,3.42299,-5.38937e-08,1.5931,3.14159
2.7085,3.44556,-5.97011e-08,1.63504,3.14159
2.72207,3.46803,-6.57662e-08,1.67577,3.14159
2.73527,3.49041,-7.20832e-08,1.71536,3.14159
2.74811,3.51269,-7.86464e-08,1.75389,3.14159
2.76062,3.53487,-8.54499e-08,1.79143,3.14159
2.77283,3.55696,-9.24881e-08,1.82804,3.14159
2.78474,3.57895,-9.97551e-08,1.86378,3.14159
2.79638,3.60084,-1.07245e-07,1.89869,3.14159
2.80776,3.62264,-1.14952e-07,1.93283,3.14159
2.81889,3.64434,-1.22871e-07,1.96622,3.14159
2.82979,3.66595,-1.30996e-07,1.99892,3.14159
2.84046,3.68745,-1.39321e-07,2.03094,3.14159
2.85117,3.70887,-1.47839e-07,2,3.14159
2.86183,3.73019,-1.56547e-07,2,3.14159
2.87244,3.75141,-1.65437e-07,2,3.14159
2.88301,3.77254,-1.74504e-07,2,3.14159
2.89352,3.79358,-1.83742e-07,2,3.14159
2.90399,3.81451,-1.93145e-07,2,3.14159
2.91441,3.83536,-2.02708e-07,2,3.14159
2.92479,3.85611,-2.12425e-07,2,3.14159
2.93512,3.87677,-2.2229e-07,2,3.14159
2.9454,3.89733,-2.32297e-07,2,3.14159
2.95563,3.91779,-2.42441e-07,2,3.14159
2.96582,3.93817,-2.52715e-07,2,3.14159
2.97596,3.95845,-2.63115e-07,2,3.14159
2.98605,3.97863,-2.73634e-07,2,3.14159
2.9961,3.99872,-2.84266e-07,2,3.14159
3.0061,4.01872,-2.95006e-07,2,3.14159
3.01605,4.03863,-3.05848e-07,2,3.14159
3.02595,4.05844,-3.16786e-07,2,3.14159
3.03581,4.07816,-3.27814e-07,2,3.14159
3.04563,4.09778,-3.38927e-07,2,3.14159
3.05539,4.11732,-3.50119e-07,2,3.14159
3.06511,4.13676,-3.61383e-07,2,3.14159
3.07479,4.15611,-3.72716e-07,2,3.14159
3.08442,4.17536,-3.84109e-07,2,3.14159
3.094,4.19453,-3.95559e-07,2,3.14159
3.10353,4.2136,-4.07058e-07,2,3.14159
3.11302,4.23258,-4.18602e-07,2,3.14159
3.12247,4.25147,-4.30184e-07,2,3.14159
3.13187,4.27026,-4.41799e-07,2,3.14159
3.14122,4.28897,-4.53441e-07,2,3.14159
3.15052,4.30758,-4.65104e-07,2,3.14159
3.15979,4.3261,-4.76782e-07,2,3.14159
3.169,4.34453,-4.8847e-07,2,3.14159
3.17817,4.36287,-5.00162e-07,2,3.14159
3.18729,4.38112,-5.11852e-07,2,3.14159
3.19637,4.39928,-5.23534e-07,2,3.14159
3.20541,4.41735,-5.35202e-07,2,3.14159
3.2144,4.43532,-5.46852e-07,2,3.14159
3.22334,4.45321,-5.58476e-07,2,3.14159
3.23224,4.47101,-5.7007e-07,2,3.14159
3.24109,4.48871,-5.81627e-07,2,3.14159
3.2499,4.50633,-5.93142e-07,2,3.14159
3.25866,4.52386,-6.04609e-07,2,3.14159
3.26738,4.5413,-6.16022e-07,2,3.14159
3.27606,4.55864,-6.27375e-07,2,3.14159
3.28468,4.5759,-6.38663e-07,2,3.14159
3.29327,4.59307,-6.4988e-07,2,3.14159
3.30181,4.61015,-6.6102e-07,2,3.14159
3.3103,4.62714,-6.72077e-07,2,3.14159
3.31876,4.64404,-6.83046e-07,2,3.14159
3.32716,4.66086,-6.9392e-07,2,3.14159
3.33553,4.67758,-7.04695e-07,2,3.14159
3.34384,4.69422,-7.15364e-07,2,3.14159
3.35212,4.71077,-7.25921e-07,2,3.14159
3.36035,4.72723,-7.36361e-07,2,3.14159
3.36853,4.7436,-7.46677e-07,2,3.14159
3.37668,4.75988,-7.56865e-07,2,3.14159
3.38477,4.77608,-7.66919e-07,2,3.14159
3.39283,4.79219,-7.76832e-07,2,3.14159
3.40084,4.80821,-7.86599e-07,2,3.14159
3.40881,4.82415,-7.96214e-07,2,3.14159
3.41673,4.83999,-8.05671e-07,2,3.14159
3.42461,4.85575,-8.14965e-07,2,3.14159
3.43245,4.87143,-8.24089e-07,2,3.14159
3.44024,4.88701,-8.33039e-07,2,3.14159
3.44799,4.90251,-8.41808e-07,2,3.14159
3.4557,4.91793,-8.5039e-07,2,3.14159
3.46336,4.93325,-8.5878e-07,2,3.14159
3.47098,4.94849,-8.66972e-07,2,3.14159
3.47856,4.96365,-8.7496e-07,2,3.14159
3.48609,4.97872,-8.82739e-07,2,3.14159
3.49358,4.9937,-8.90302e-07,2,3.14159
3.50103,5.0086,-8.97644e-07,2,3.14159
3.50844,5.02341,-9.04759e-07,2,3.14159
3.5158,5.03813,-9.11641e-07,2,3.14159
3.52312,5.05278,-9.18285e-07,2,3.14159
3.5304,5.06733,-9.24685e-07,2,3.14159
3.53764,5.0818,-9.30834e-07,2,3.14159
3.54483,5.09619,-9.36728e-07,2,3.14159
3.55198,5.11049,-9.42361e-07,2,3.14159
3.55909,5.12471,-9.47726e-07,2,3.14159
3.56615,5.13884,-9.52818e-07,2,3.14159
3.57318,5.15288,-9.57631e-07,2,3.14159
3.58016,5.16685,-9.6216e-07,2,3.14159
3.5871,5.18073,-9.66398e-07,2,3.14159
3.594,5.19452,-9.7034e-07,2,3.14159
3.60085,5.20824,-9.73981e-07,2,3.14159
3.60767,5.22186,-9.77313e-07,2,3.14159
3.61444,5.23541,-9.80332e-07,2,3.14159
3.62117,5.24887,-9.83032e-07,2,3.14159
3.62786,5.26225,-9.85407e-07,2,3.14159
3.63451,5.27554,-9.87451e-07,2,3.14159
3.64111,5.28875,-9.89159e-07,2,3.14159
3.64768,5.30188,-9.90524e-07,2,3.14159
3.6542,5.31493,-9.91541e-07,2,3.14159
3.66068,5.32789,-9.92205e-07,2,3.14159
3.66712,5.34078,-9.92509e-07,2,3.14159
3.67352,5.35357,-9.92447e-07,2,3.14159
3.67988,5.36629,-9.92014e-07,2,3.14159
3.6862,5.37893,-9.91205e-07,2,3.14159
3.69247,5.39148,-9.90012e-07,2,3.14159
3.69871,5.40395,-9.88432e-07,2,3.14159
3.70491,5.41634,-9.86457e-07,2,3.14159
3.71106,5.42865,-9.84082e-07,2,3.14159
3.71717,5.44088,-9.81301e-07,2,3.14159
3.72325,5.45302,-9.78109e-07,2,3.14159
3.72928,5.46509,-9.745e-07,2,3.14159
3.73527,5.47707,-9.70467e-07,2,3.14159
3.74122,5.48897,-9.66006e-07,2,3.14159
3.74713,5.5008,-9.6111e-07,2,3.14159
3.753,5.51254,-9.55774e-07,2,3.14159
3.75884,5.5242,-9.49991e-07,2,3.14159
3.76463,5.53578,-9.43757e-07,2,3.14159
3.77038,5.54728,-9.37065e-07,2,3.14159
3.77609,5.55871,-9.29909e-07,2,3.14159
3.78176,5.57005,-9.22285e-07,2,3.14159
3.78739,5.58131,-9.14185e-07,2,3.14159
3.79298,5.59249,-9.05605e-07,2,3.14159
3.79853,5.60359,-8.96538e-07,2,3.14159
3.80404,5.61462,-8.86979e-07,2,3.14159
3.80951,5.62556,-8.76921e-07,2,3.14159
3.81495,5.63643,-8.6636e-07,2,3.14159
3.82034,5.64721,-8.5529e-07,2,3.14159
3.82569,5.65792,-8.43704e-07,2,3.14159
3.83101,5.66855,-8.31597e-07,2,3.14159
3.83628,5.6791,-8.18963e-07,2,3.14159
3.84152,5.68957,-8.05796e-07,2,3.14159
3.84672,5.69997,-7.92091e-07,2,3.14159
3.85188,5.71028,-7.77841e-07,2,3.14159
3.857,5.72052,-7.63042e-07,2,3.14159
3.86208,5.73068,-7.47687e-07,2,3.14159
3.86712,5.74076,-7.3177e-07,2,3.14159
3.87212,5.75077,-7.15286e-07,2,3.14159
3.87708,5.7607,-6.9823e-07,2,3.14159
3.88201,5.77055,-6.80594e-07,2,3.14159
3.8869,5.78032,-6.62374e-07,2,3.14159
3.89174,5.79002,-6.43563e-07,2,3.14159
3.89655,5.79964,-6.24156e-07,2,3.14159
3.90132,5.80918,-6.04147e-07,2,3.14159
3.90606,5.81865,-5.83531e-07,2,3.14159
3.91075,5.82804,-5.62301e-07,2,3.14159
3.91541,5.83735,-5.40452e-07,2,3.14159
3.92003,5.84659,-5.17978e-07,2,3.14159
3.92461,5.85575,-4.94874e-07,2,3.14159
3.92915,5.86484,-4.71132e-07,2,3.14159
3.93366,5.87385,-4.46749e-07,2,3.14159
3.93812,5.88278,-4.21717e-07,2,3.14159
3.94255,5.89164,-3.96032e-07,2,3.14159
3.94695,5.90042,-3.69687e-07,2,3.14159
3.9513,5.90913,-3.42677e-07,2,3.14159
3.95562,5.91777,-3.14995e-07,2,3.14159
3.9599,5.92632,-2.86637e-07,2,3.14159
3.96414,5.93481,-2.57596e-07,2,3.14159
3.96834,5.94322,-2.27867e-07,2,3.14159
3.97251,5.95155,-1.97443e-07,2,3.14159
3.97664,5.95981,-1.66319e-07,2,3.14159
3.98073,5.968,-1.3449e-07,2,3.14159
3.98479,5.97611,-1.01949e-07,2,3.14159
3.98881,5.98415,-6.86912e-08,2,3.14159
3.99279,5.99211,-3.471e-08,2,3.14159
3.99673,6,0,2,3.14159
4.00458,5.9843,3.95094e-08,2,0
4.01246,5.96855,7.86074e-08,2,0
4.02037,5.95273,1.17296e-07,2,0
4.02831,5.93685,1.55576e-07,2,0
4.03628,5.92091,1.93449e-07,2,0
4.04428,5.90492,2.30918e-07,2,0
4.0523,5.88886,2.67983e-07,2,0
4.06036,5.87275,3.04647e-07,2,0
4.06844,5.85658,3.4091e-07,2,0
4.07656,5.84035,3.76775e-07,2,0
4.0847,5.82407,4.12243e-07,2,0
4.09287,5.80773,4.47316e-07,2,0
4.10107,5.79134,4.81995e-07,2,0
4.10929,5.77489,5.16282e-07,2,0
4.11754,5.75838,5.50178e-07,2,0
4.12582,5.74182,5.83686e-07,2,0
4.13413,5.72521,6.16807e-07,2,0
4.14246,5.70854,6.49542e-07,2,0
4.15082,5.69182,6.81892e-07,2,0
4.15921,5.67505,7.13861e-07,2,0
4.16762,5.65823,7.45448e-07,2,0
4.17606,5.64136,7.76657e-07,2,0
4.18452,5.62443,8.07488e-07,2,0
4.19301,5.60746,8.37943e-07,2,0
4.20152,5.59043,8.68023e-07,2,0
4.21005,5.57336,8.97731e-07,2,0
4.21862,5.55624,9.27068e-07,2,0
4.2272,5.53907,9.56035e-07,2,0
4.23581,5.52185,9.84635e-07,2,0
4.24444,5.50458,1.01287e-06,2,0
4.2531,5.48727,1.04074e-06,2,0
4.26178,5.46991,1.06824e-06,2,0
4.27048,5.4525,1.09539e-06,2,0
4.27921,5.43505,1.12217e-06,2,0
4.28796,5.41755,1.1486e-06,2,0
4.29673,5.40001,1.17466e-06,2,0
4.30552,5.38243,1.20038e-06,2,0
4.31434,5.3648,1.22574e-06,2,0
4.32317,5.34713,1.25075e-06,2,0
4.33203,5.32941,1.27541e-06,2,0
4.34091,5.31166,1.29972e-06,2,0
4.34981,5.29386,1.32368e-06,2,0
4.35873,5.27602,1.3473e-06,2,0
4.36767,5.25814,1.37057e-06,2,0
4.37663,5.24022,1.3935e-06,2,0
4.38561,5.22226,1.4161e-06,2,0
4.39461,5.20426,1.43835e-06,2,0
4.40362,5.18622,1.46026e-06,2,0
4.41266,5.16814,1.48184e-06,2,0
4.42172,5.15003,1.50309e-06,2,0
4.4308,5.13188,1.524e-06,2,0
4.43989,5.11369,1.54458e-06,2,0
4.449,5.09547,1.56484e-06,2,0
4.45813,5.07721,1.58476e-06,2,0
4.46728,5.05891,1.60436e-06,2,0
4.47645,5.04058,1.62363e-06,2,0
4.48563,5.02221,1.64259e-06,2,0
4.49483,5.00381,1.66122e-06,2,0
4.50404,4.98538,1.67953e-06,2,0
4.51328,4.96692,1.69752e-06,2,0
4.52253,4.94842,1.7152e-06,2,0
4.53179,4.92989,1.73256e-06,2,0
4.54107,4.91132,1.74961e-06,2,0
4.55037,4.89273,1.76635e-06,2,0
4.55968,4.87411,1.78277e-06,2,0
4.56901,4.85545,1.79889e-06,2,0
4.57835,4.83677,1.81471e-06,2,0
4.58771,4.81806,1.83021e-06,2,0
4.59708,4.79932,1.84542e-06,2,0
4.60646,4.78055,1.86032e-06,2,0
4.61586,4.76175,1.87492e-06,2,0
4.62527,4.74293,1.88922e-06,2,0
4.6347,4.72408,1.90323e-06,2,0
4.64414,4.7052,1.91694e-06,2,0
4.65359,4.6863,1.93036e-06,2,0
4.66305,4.66737,1.94348e-06,2,0
4.67253,4.64842,1.95631e-06,2,0
4.68202,4.62944,1.96886e-06,2,0
4.69152,4.61044,1.98112e-06,2,0
4.70103,4.59141,1.99309e-06,2,0
4.71055,4.57236,2.00478e-06,2,0
4.72009,4.55329,2.01618e-06,2,0
4.72963,4.5342,2.02731e-06,2,0
4.73919,4.51509,2.03815e-06,2,0
4.74876,4.49595,2.04872e-06,2,0
4.75834,4.4768,2.05901e-06,2,0
4.76792,4.45763,2.06903e-06,2,0
4.77752,4.43843,2.07877e-06,2,0
4.78713,4.41922,2.08824e-06,2,0
4.79674,4.39998,2.09744e-06,2,0
4.80637,4.38073,2.10638e-06,2,0
4.816,4.36147,2.11505e-06,2,0
4.82564,4.34218,2.12345e-06,2,0
4.8353,4.32288,2.13159e-06,2,0
4.84495,4.30356,2.13947e-06,2,0
4.85462,4.28423,2.14709e-06,2,0
4.8643,4.26488,2.15445e-06,2,0
4.87398,4.24552,2.16155e-06,2,0
4.88367,4.22614,2.1684e-06,2,0
4.89336,4.20675,2.17499e-06,2,0
4.90306,4.18734,2.18134e-06,2,0
4.91277,4.16792,2.18743e-06,2,0
4.92249,4.14849,2.19327e-06,2,0
4.93221,4.12905,2.19887e-06,2,0
4.94194,4.1096,2.20422e-06,2,0
4.95167,4.09013,2.20933e-06,2,0
4.96141,4.07066,2.21419e-06,2,0
4.97115,4.05117,2.21881e-06,2,0
4.9809,4.03168,2.2232e-06,2,0
4.99065,4.01218,2.22735e-06,2,0
5.0004,3.99267,2.23126e-06,2,0
5.01016,3.97315,2.23494e-06,2,0
5.01993,3.95362,2.23838e-06,2,0
5.02969,3.93409,2.2416e-06,2,0
5.03946,3.91455,2.24458e-06,2,0
5.04924,3.895,2.24734e-06,2,0
5.05901,3.87545,2.24987e-06,2,0
5.06879,3.85589,2.25217e-06,2,0
5.07857,3.83633,2.25426e-06,2,0
5.08836,3.81676,2.25612e-06,2,0
5.09814,3.79719,2.25776e-06,2,0
5.10793,3.77762,2.25918e-06,2,0
5.11771,3.75804,2.26039e-06,2,0
5.1275,3.73846,2.26138e-06,2,0
5.13729,3.71888,2.26216e-06,2,0
5.14708,3.6993,2.26273e-06,2,0
5.15688,3.67972,2.26309e-06,2,0
5.16667,3.66014,2.26324e-06,2,0
5.17646,3.64056,2.26318e-06,2,0
5.18625,3.62098,2.26291e-06,2,0
5.19604,3.6014,2.26245e-06,2,0
5.20583,3.58182,2.26178e-06,2,0
5.21562,3.56224,2.26091e-06,2,0
5.2254,3.54267,2.25984e-06,2,0
5.23519,3.5231,2.25857e-06,2,0
5.24497,3.50353,2.25711e-06,2,0
5.25476,3.48396,2.25546e-06,2,0
5.26453,3.46441,2.25361e-06,2,0
5.27431,3.44485,2.25157e-06,2,0
5.28409,3.4253,2.24935e-06,2,0
5.29386,3.40576,2.24693e-06,2,0
5.30363,3.38622,2.24433e-06,2,0
5.31339,3.36669,2.24155e-06,2,0
5.32315,3.34717,2.23858e-06,2,0
5.33291,3.32766,2.23543e-06,2,0
5.34266,3.30815,2.2321e-06,2,0
5.35241,3.28866,2.2286e-06,2,0
5.36215,3.26917,2.22491e-06,2,0
5.37189,3.24969,2.22106e-06,2,0
5.38163,3.23022,2.21703e-06,2,0
5.39136,3.21077,2.21282e-06,2,0
5.40108,3.19132,2.20845e-06,2,0
5.4108,3.17189,2.20391e-06,2,0
5.42051,3.15246,2.19921e-06,2,0
5.43021,3.13305,2.19434e-06,2,0
5.43991,3.11366,2.1893e-06,2,0
5.4496,3.09428,2.18411e-06,2,0
5.45928,3.07491,2.17875e-06,2,0
5.46896,3.05555,2.17323e-06,2,0
5.47863,3.03622,2.16756e-06,2,0
5.48829,3.01689,2.16174e-06,2,0
5.49795,2.99758,2.15576e-06,2,0
5.50759,2.97829,2.14962e-06,2,0
5.51723,2.95902,2.14334e-06,2,0
5.52686,2.93976,2.13691e-06,2,0
5.53648,2.92053,2.13033e-06,2,0
5.54609,2.90131,2.1236e-06,2,0
5.55569,2.88211,2.11673e-06,2,0
5.56528,2.86292,2.10972e-06,2,0
5.57486,2.84376,2.10257e-06,2,0
5.58443,2.82462,2.09528e-06,2,0
5.59399,2.8055,2.08785e-06,2,0
5.60354,2.7864,2.08028e-06,2,0
5.61308,2.76732,2.07258e-06,2,0
5.6226,2.74827,2.06475e-06,2,0
5.63212,2.72924,2.05679e-06,2,0
5.64162,2.71023,2.04869e-06,2,0
5.65112,2.69124,2.04047e-06,2,0
5.6606,2.67228,2.03212e-06,2,0
5.67007,2.65334,2.02365e-06,2,0
5.67952,2.63443,2.01506e-06,2,0
5.68896,2.61555,2.00634e-06,2,0
5.69839,2.59669,1.9975e-06,2,0
5.70781,2.57785,1.98855e-06,2,0
5.71721,2.55905,1.97948e-06,2,0
5.7266,2.54027,1.97029e-06,2,0
5.73598,2.52152,1.96099e-06,2,0
5.74534,2.5028,1.95158e-06,2,0
5.75469,2.4841,1.94206e-06,2,0
5.76402,2.46544,1.93242e-06,2,0
5.77333,2.44681,1.92269e-06,2,0
5.78264,2.4282,1.91284e-06,2,0
5.79192,2.40963,1.9029e-06,2,0
5.80119,2.39109,1.89285e-06,2,0
5.81045,2.37258,1.8827e-06,2,0
5.81969,2.3541,1.87245e-06,2,0
5.82891,2.33566,1.8621e-06,2,0
5.83811,2.31725,1.85166e-06,2,0
5.8473,2.29887,1.84112e-06,2,0
5.85647,2.28053,1.8305e-06,2,0
5.86563,2.26222,1.81978e-06,2,0
5.87476,2.24395,1.80897e-06,2,0
5.88388,2.22571,1.79807e-06,2,0
5.89298,2.20751,1.78709e-06,2,0
5.90206,2.18935,1.77602e-06,2,0
5.91113,2.17122,1.76487e-06,2,0
5.92017,2.15314,1.75364e-06,2,0
5.9292,2.13508,1.74233e-06,2,0
5.9382,2.11707,1.73094e-06,2,0
5.94719,2.0991,1.71948e-06,2,0
5.95615,2.08117,1.70794e-06,2,0
5.9651,2.06327,1.69633e-06,2,0
5.97403,2.04542,1.68464e-06,2,0
5.98293,2.02761,1.67289e-06,2,0
5.99182,2.00984,1.66106e-06,2,0
6.00068,1.99211,1.64917e-06,2,0
6.00953,1.97442,1.63722e-06,2,0
6.01835,1.95678,1.6252e-06,2,0
6.02715,1.93918,1.61312e-06,2,0
6.03592,1.92162,1.60098e-06,2,0
6.04468,1.90411,1.58878e-06,2,0
6.05341,1.88665,1.57653e-06,2,0
6.06212,1.86922,1.56421e-06,2,0
6.07081,1.85185,1.55185e-06,2,0
6.07948,1.83452,1.53943e-06,2,0
6.08812,1.81724,1.52696e-06,2,0
6.09674,1.8,1.51444e-06,2,0
6.10533,1.78282,1.50188e-06,2,0
6.1139,1.76568,1.48927e-06,2,0
6.12244,1.74859,1.47661e-06,2,0
6.13096,1.73154,1.46392e-06,2,0
6.13946,1.71455,1.45118e-06,2,0
6.14793,1.69761,1.4384e-06,2,0
6.15638,1.68072,1.42558e-06,2,0
6.1648,1.66388,1.41273e-06,2,0
6.17319,1.64709,1.39985e-06,2,0
6.18156,1.63036,1.38693e-06,2,0
6.1899,1.61367,1.37398e-06,2,0
6.19822,1.59704,1.361e-06,2,0
6.2065,1.58047,1.34799e-06,2,0
6.21477,1.56394,1.33495e-06,2,0
6.223,1.54747,1.32189e-06,2,0
6.23121,1.53106,1.30881e-06,2,0
6.23939,1.5147,1.29571e-06,2,0
6.24754,1.4984,1.28258e-06,2,0
6.25566,1.48215,1.26944e-06,2,0
6.26375,1.46597,1.25628e-06,2,0
6.27182,1.44983,1.2431e-06,2,0
6.27986,1.43376,1.22991e-06,2,0
6.28786,1.41774,1.21671e-06,2,0
6.29584,1.40179,1.2035e-06,2,0
6.30379,1.38589,1.19028e-06,2,0
6.31171,1.37005,1.17706e-06,2,0
6.3196,1.35428,1.16382e-06,2,0
6.32746,1.33856,1.15059e-06,2,0
6.33529,1.3229,1.13735e-06,2,0
6.34308,1.30731,1.12411e-06,2,0
6.35085,1.29178,1.11087e-06,2,0
6.35858,1.27631,1.09763e-06,2,0
6.36629,1.2609,1.0844e-06,2,0
6.37396,1.24556,1.07118e-06,2,0
6.3816,1.23028,1.05796e-06,2,0
6.3892,1.21507,1.04475e-06,2,0
6.39678,1.19992,1.03155e-06,2,0
6.40432,1.18484,1.01836e-06,2,0
6.41183,1.16982,1.00519e-06,2,0
6.4193,1.15487,9.9203e-07,2,0
6.42674,1.13998,9.78888e-07,2,0
6.43415,1.12517,9.65766e-07,2,0
6.44153,1.11042,9.52664e-07,2,0
6.44887,1.09574,9.39583e-07,2,0
6.45617,1.08113,9.26526e-07,2,0
6.46344,1.06659,9.13495e-07,2,0
6.47068,1.05212,9.0049e-07,2,0
6.47788,1.03771,8.87512e-07,2,0
6.48505,1.02338,8.74565e-07,2,0
6.49218,1.00912,8.6165e-07,2,0
6.49927,0.994936,8.48768e-07,2,0
6.50633,0.98082,8.3592e-07,2,0
6.51335,0.966778,8.23108e-07,2,0
6.52033,0.952808,8.10335e-07,2,0
6.52728,0.938913,7.97601e-07,2,0
6.53419,0.925091,7.84908e-07,2,0
6.54107,0.911344,7.72258e-07,2,0
6.5479,0.897672,7.59653e-07,2,0
6.5547,0.884076,7.47093e-07,2,0
6.56146,0.870556,7.34581e-07,2,0
6.56818,0.857112,7.22118e-07,2,0
6.57486,0.843746,7.09706e-07,2,0
6.58151,0.830456,6.97347e-07,2,0
6.58812,0.817245,6.85041e-07,2,0
6.59468,0.804113,6.72791e-07,2,0
6.60121,0.79106,6.60599e-07,2,0
6.6077,0.778085,6.48465e-07,2,0
6.61414,0.765191,6.36392e-07,2,0
6.62055,0.752378,6.24381e-07,2,0
6.62692,0.739645,6.12433e-07,2,0
6.63324,0.726993,6.00551e-07,2,0
6.63953,0.714424,5.88736e-07,2,0
6.64577,0.701937,5.76989e-07,2,0
6.65197,0.689532,5.65313e-07,2,0
6.65813,0.677211,5.53708e-07,2,0
6.66428,0.664974,5.42176e-07,1.98156,0
6.67044,0.652821,5.3072e-07,1.96307,0
6.67662,0.640752,5.1934e-07,1.94454,0
6.68281,0.628769,5.08038e-07,1.92597,0
6.68902,0.616872,4.96817e-07,1.90734,0
6.69524,0.605061,4.85676e-07,1.88868,0
6.70148,0.593336,4.74619e-07,1.86996,0
6.70773,0.581699,4.63646e-07,1.8512,0
6.714,0.570149,4.5276e-07,1.83238,0
6.72029,0.558687,4.41961e-07,1.81352,0
6.7266,0.547314,4.31252e-07,1.79461,0
6.73292,0.53603,4.20634e-07,1.77564,0
6.73926,0.524836,4.10108e-07,1.75663,0
6.74561,0.513731,3.99677e-07,1.73756,0
6.75199,0.502717,3.89342e-07,1.71844,0
6.75838,0.491794,3.79105e-07,1.69926,0
6.76479,0.480963,3.68966e-07,1.68003,0
6.77122,0.470224,3.58928e-07,1.66075,0
6.77767,0.459576,3.48993e-07,1.6414,0
6.78413,0.449022,3.39162e-07,1.62199,0
6.79062,0.438561,3.29436e-07,1.60253,0
6.79713,0.428195,3.19817e-07,1.583,0
6.80366,0.417922,3.10307e-07,1.56341,0
6.81021,0.407744,3.00908e-07,1.54376,0
6.81679,0.397662,2.9162e-07,1.52404,0
6.82338,0.387675,2.82447e-07,1.50426,0
6.83,0.377785,2.73388e-07,1.4844,0
6.83664,0.367991,2.64446e-07,1.46447,0
6.84331,0.358295,2.55623e-07,1.44447,0
6.85,0.348697,2.4692e-07,1.4244,0
6.85672,0.339196,2.38338e-07,1.40425,0
6.86346,0.329794,2.2988e-07,1.38402,0
6.87023,0.320492,2.21547e-07,1.3637,0
6.87703,0.311289,2.1334e-07,1.3433,0
6.88386,0.302186,2.05261e-07,1.32282,0
6.89072,0.293184,1.97312e-07,1.30224,0
6.89761,0.284283,1.89495e-07,1.28157,0
6.90453,0.275483,1.8181e-07,1.26081,0
6.91149,0.266786,1.7426e-07,1.23994,0
6.91848,0.258191,1.66846e-07,1.21897,0
6.9255,0.249699,1.5957e-07,1.19788,0
6.93257,0.24131,1.52434e-07,1.17669,0
6.93967,0.233026,1.45438e-07,1.15537,0
6.94682,0.224845,1.38585e-07,1.13393,0
6.95401,0.21677,1.31876e-07,1.11237,0
6.96125,0.208801,1.25313e-07,1.09066,0
6.96853,0.200937,1.18897e-07,1.06881,0
6.97586,0.193179,1.12631e-07,1.04681,0
6.98325,0.185529,1.06515e-07,1.02465,0
6.99069,0.177985,1.00552e-07,1.00232,0
6.9982,0.17055,9.47419e-08,0.979812,0
7.00576,0.163223,8.90878e-08,0.957115,0
7.01339,0.156004,8.35907e-08,0.934215,0
7.0211,0.148895,7.82524e-08,0.9111,0
7.02888,0.141895,7.30744e-08,0.887753,0
7.03675,0.135006,6.80584e-08,0.864159,0
7.0447,0.128228,6.32059e-08,0.840297,0
7.05275,0.12156,5.85186e-08,0.816146,0
7.06067,0.115004,5.3998e-08,0.839898,0
7.06845,0.108561,4.96459e-08,0.816559,0
7.07631,0.10223,4.54638e-08,0.792958,0
7.08428,0.096012,4.14532e-08,0.769074,0
7.09234,0.0899077,3.76158e-08,0.744882,0
7.10052,0.0839176,3.39534e-08,0.720353,0
7.10882,0.0780418,3.04673e-08,0.695452,0
7.11725,0.0722811,2.71593e-08,0.670141,0
7.12584,0.0666359,2.40309e-08,0.644374,0
7.1346,0.0611068,2.10838e-08,0.618097,0
7.14355,0.055694,1.83196e-08,0.591242,0
7.15272,0.0503982,1.57399e-08,0.56373,0
7.16215,0.0452198,1.33463e-08,0.535464,0
7.17186,0.0401594,1.11404e-08,0.506319,0
7.18192,0.0352173,9.1238e-09,0.476137,0
7.1924,0.030394,7.29814e-09,0.44471,0
7.20338,0.0256901,5.66503e-09,0.411756,0
7.21501,0.0211061,4.2261e-09,0.376881,0
7.22747,0.0166423,2.9829e-09,0.339495,0
7.24108,0.0122994,1.93708e-09,0.298662,0
7.25639,0.00807763,1.09025e-09,0.252722,0
7.27458,0.00397775,4.4403e-10,0,0
